<?xml version="1.0" encoding="UTF-8"?>
<!DOCTYPE mapper PUBLIC "-//mybatis.org//DTD Mapper 3.0//EN"
    "http://mybatis.org/dtd/mybatis-3-mapper.dtd">

<mapper namespace="RecordMapper">

    <!-- 단일행 조회를 위한 기능 정의 -->
    <select id="selectItem">
        SELECT id, category, date, endDate, recorder, volume, big, email, calendarTitle, calendarLocation, calendarUrl, calendarMemo, vitamin, lactobacillus FROM record WHERE DATE_FORMAT(date, '%Y-%m-%d') = DATE_FORMAT(#{date}, '%Y-%m-%d') order by date ;
    </select>

    <!-- 마지막행 조회를 위한 기능 정의 -->
    <select id="selectLastItem">
        SELECT category, date, endDate, recorder, volume, big, email, calendarTitle, calendarLocation, calendarUrl, calendarMemo, vitamin, lactobacillus  FROM record ORDER BY date DESC LIMIT 1;
    </select>

    <!-- 다중행 조회를 위한 기능 정의 -->
    <select id="selectList">
        SELECT category, date, endDate, recorder, volume, big, email, calendarTitle, calendarLocation, calendarUrl, calendarMemo, vitamin, lactobacillus  FROM record;
        <where>
          <if test="category != null and category != ''">
            category LIKE concat('%', #{category}, '%')
          </if>
        </where>

        <!-- 페이지 구현을 위한 LIMIT절 추가 -->
        <if test="listCount > 0">
            LIMIT ${offset}, ${listCount}
        </if>

        
    </select>



    <!-- 데이터 저장을 위한 기능 정의 -->
    <insert id="insertItem">
        INSERT INTO record
            ( category, date, big, endDate, recorder, volume, email, groupName, calendarTitle, calendarLocation, calendarUrl, calendarMemo, vitamin, lactobacillus)
        VALUES 
            ( #{category}, #{date}, ${big}, #{endDate}, #{recorder}, #{volume}, #{email}, #{groupName}, #{calendarTitle}, #{calendarLocation}, #{calendarUrl}, #{calendarMemo}, #{vitamin}, #{lactobacillus});
    </insert>

    <!-- 데이터 삭제를 위한 기능 정의 -->
    <delete id="deleteItem">
        DELETE FROM record WHERE id=#{id}
    </delete>

    <!-- 데이터 갱신을 위한 기능 정의 -->
    <update id="updateItem">
        UPDATE record SET 
        category = #{category},
        date = #{date},
        endDate= #{endDate},
        recorder= #{recorder},
        volume= #{volume},
        big = #{big},
        calendarTitle = #{calendarTitle}, 
        calendarLocation= #{calendarLocation}, 
        calendarUrl = #{calendarUrl}, 
        calendarMemo = #{calendarMemo}, 
        vitamin = #{vitamin},
        lactobacillus = #{lactobacillus}
        WHERE id = #{id}
    </update>

    <!-- 데이터 수 조회하기  -->
    <select id="selectCountAll">
        SELECT COUNT(*) AS cnt FROM record

        <where>
            <if test="category != null and category != ''">
                category LIKE concat('%', #{category}, '%')
            </if>
        </where>
    </select>

</mapper>
